식품인증업소 관리 일련번호,업소번호,업소 명,자치구 코드,자치구 명,업종 코드,업종 명,업태 코드,업태 명,업주 명,식품인증구분,식품인증 구분명,인증일자,사용여부,지도표시여부,식품인증업소 등급,지도 Y좌표,지도 X좌표,전화번호,도로명상세주소,도로명주소코드,도로명주소,허가번호,최초작성일자,최종수정일자,업소인증메뉴,교부번호,인증여부
6821,,베지랜드 삼육병원,3050000,동대문구,101,일반음식점,10101,한식,없음,14,채식음식점,2015-09-01,N,N,,37.58621104,127.0635526,,,,동대문구 망우로82,,53:53.0,53:53.0,,,Y
6244,53,발우공양 고상,3010000,중구,101,일반음식점,10101,한식,김정자,14,채식음식점,2014-01-01,N,Y,,37.56733877,126.9852082,02-6030-8955,26 (수하동외 1필지 센터원빌딩 지하2층),1.11404E+15,서울특별시 중구 을지로5길,3.01E+18,04:59.0,04:59.0,,20110029164,Y
6243,10602,오세계향,3000000,종로구,101,일반음식점,10105,분식,이승섭,14,채식음식점,2014-01-01,N,Y,,37.57468009,126.9852656,02-750-7306,14-5 (관훈동(지상1층)),1.11104E+15,서울특별시 종로구 인사동12길,3E+18,03:43.0,03:43.0,,19990025688,Y
6242,10758,한과채밥집,3000000,종로구,101,일반음식점,10101,한식,이양희,14,채식음식점,2014-01-01,N,Y,,37.57434498,126.985723,02-720-2802,13 (관훈동청하빌딩지하1층),1.11104E+15,서울특별시 종로구 인사동10길,3E+18,58:43.0,58:43.0,,19990025873,Y
6241,112,발우공양 콩,3000000,종로구,101,일반음식점,10101,한식,문양수,14,채식음식점,2014-01-01,N,Y,,37.57393739,126.9831873,02-2031-2016,56 (견지동템플스테이 통합정보센터 2층),1.11103E+15,서울특별시 종로구 우정국로,3E+18,58:04.0,58:04.0,,20110025252,Y
6240,212,발우공양,3000000,종로구,101,일반음식점,10101,한식,문양수,14,채식음식점,2014-01-01,N,Y,,37.57393739,126.9831873,,56 (견지동),1.11103E+15,서울특별시 종로구 우정국로,3E+18,57:33.0,57:33.0,,20090025391,Y
6239,38,(주)마지,3210000,서초구,101,일반음식점,10101,한식,김현진,14,채식음식점,2014-01-01,N,Y,,0,0,02-536-5228,59 1 2층 (방배동),1.16503E+15,서울특별시 서초구 동광로,3.21E+18,56:34.0,56:34.0,,20120098123,Y
6238,362,바비오네(BABIONE),3210000,서초구,101,일반음식점,10101,한식,이하웅,14,채식음식점,2014-01-01,N,Y,,37.50643547,127.0068357,,194 경부선1층동 10호 (반포동 서울고속버스터미널 부속상가동),1.16503E+15,서울특별시 서초구 신반포로,3.21E+18,55:50.0,55:50.0,,20120098910,Y
6237,166,제로플랜,3190000,동작구,101,일반음식점,10199,기타(일반음식점),김재범,14,채식음식점,2014-01-01,N,Y,,37.48488667,126.9687845,,93 1층 (사당동),1.15904E+15,서울특별시 동작구 사당로16가길,3.19E+18,54:11.0,54:11.0,,20140091423,Y
6236,166,제로플랜,3190000,동작구,101,일반음식점,10199,기타(일반음식점),김재범,14,채식음식점,2014-01-01,N,Y,,37.48488667,126.9687845,,93 1층 (사당동),1.15904E+15,서울특별시 동작구 사당로16가길,3.19E+18,52:30.0,52:30.0,,20140091423,Y
6235,20,삼육서울병원(베지랜드),3050000,동대문구,105,집단급식소,10501,집단급식소,삼육서울병원장,14,채식음식점,2014-01-01,N,Y,,37.58621104,127.0635526,02-210-3648,82 (휘경2동 29-1 ) ,1.12303E+15,서울특별시 동대문구 망우로,3.05E+18,44:58.0,44:58.0,,19960042583,Y
6234,121,인사랑,3000000,종로구,101,일반음식점,10101,한식,신정숙,14,채식음식점,2014-01-01,N,Y,,37.57294672,126.9865066,070 41622533,24 지상2층 (인사동 덕원빌딩),1.11104E+15,서울특별시 종로구 인사동길,3E+18,41:19.0,41:19.0,,20140025244,Y
6233,157,플랜트(PLANT),3020000,용산구,101,일반음식점,10103,경양식,이미파,14,채식음식점,2014-01-01,N,Y,,37.533415,126.9914104,,20 (이태원동 63-15 지하1층),1.11704E+15,서울특별시 용산구 이태원로16길,3.02E+18,39:27.0,39:27.0,,20130033342,Y
6232,220,안현필 건강밥상,3160000,구로구,101,일반음식점,10101,한식,이화실,14,채식음식점,2014-01-01,N,Y,,37.49241126,126.8934985,02-853-6094,30 (구로동),1.15304E+15,서울특별시 구로구 구로중앙로8길,3.16E+18,37:50.0,37:50.0,,20060080395,Y
6231,217,효소애,3030000,성동구,101,일반음식점,10101,한식,정윤희,14,채식음식점,2014-01-01,N,Y,,37.56295621,127.033136,02-2299-3487,332 지상2층 (도선동 256-5),1.12003E+15,서울특별시 성동구 왕십리로,3.03E+18,36:34.0,36:34.0,,20120036524,Y
6230,212,(주)효소원 방배2호점,3210000,서초구,101,일반음식점,10106,뷔페식,김희철,14,채식음식점,2014-01-01,N,Y,,37.47778654,126.9871161,02-584-1820,23-1 1층 (방배동),1.16503E+15,서울특별시 서초구 효령로,3.21E+18,26:18.0,26:18.0,,20110099016,Y
6229,362,아승지,3180000,영등포구,101,일반음식점,10101,한식,박근영,14,채식음식점,2014-01-01,N,Y,,37.50784751,126.9112018,02-832-8443,176 (신길동),1.15603E+15,서울특별시 영등포구 신길로,3.18E+18,23:34.0,23:34.0,,20020087225,Y
6228,166,러빙헛,3120000,서대문구,101,일반음식점,10107,정종/대포집(선술집),김정남,14,채식음식점,2014-01-01,N,Y,,37.55867677,126.9366926,02-322-6441, 33-10호 1층,1.14104E+15,서울특별시 서대문구 창천동,3.12E+18,18:11.0,18:11.0,,19970066158,Y
6227,178,러빙헛,3190000,동작구,101,일반음식점,10101,한식,연아영,14,채식음식점,2014-01-01,N,Y,,37.48681465,126.9681098,7089828501,169 (사당동(1층 102호)),1.15903E+15,서울특별시 동작구 사당로,3.19E+18,17:33.0,17:33.0,,20100091579,Y
6226,10597,초록뜰,3050000,동대문구,101,일반음식점,10101,한식,김복회,14,채식음식점,2014-01-01,N,Y,,37.58962103,127.0623508,02-2213-1878,6 (휘경동(휘경중5길 47)),1.12304E+15,서울특별시 동대문구 망우로18길,3.05E+18,15:23.0,15:23.0,,19990042165,Y
6225,35,공존,3050000,동대문구,104,휴게음식점,10401,과자점,이나기,14,채식음식점,2014-01-01,N,Y,,37.56879293,127.0566511,,43 1층 (답십리동),1.12303E+15,서울특별시 동대문구 전농로,3.05E+18,12:31.0,12:31.0,,20130042263,Y
6224,2100,산도토리임자탕,3090000,도봉구,101,일반음식점,10101,한식,심옥희,14,채식음식점,2014-01-01,N,Y,,37.63963194,127.0401312,02-903-9928,13 (창동),1.13204E+15,서울특별시 도봉구 덕릉로60길,3.09E+18,10:33.0,10:33.0,,19960056187,Y
6223,149,사랑분식점,3220000,강남구,101,일반음식점,10105,분식,허경선,14,채식음식점,2014-01-01,N,Y,,37.47718641,127.048053,,26 (개포동지상1층),1.16804E+15,서울특별시 강남구 개포로20길,3.22E+18,03:40.0,03:40.0,,20100105431,Y
6222,14165,러빙헛 에스엠(SM)채식뷔페,3220000,강남구,101,일반음식점,10101,한식,홍영희,14,채식음식점,2014-01-01,N,Y,,37.47657806,127.0462166,,72 (개포동),1.16803E+15,서울특별시 강남구 논현로,3.22E+18,01:43.0,01:43.0,,19960105808,Y
6221,14165,러빙헛 에스엠(SM)채식뷔페,3220000,강남구,101,일반음식점,10101,한식,홍영희,14,채식음식점,2013-01-01,N,Y,,37.47657806,127.0462166,,72 (개포동),1.16803E+15,서울특별시 강남구 논현로,3.22E+18,57:17.0,57:17.0,,19960105808,Y
6220,695,(주)러빙헛,3220000,강남구,101,일반음식점,10103,경양식,오종철,14,채식음식점,2014-01-01,N,Y,,37.47689752,127.0494366,,35 (개포동지상1층),1.16804E+15,서울특별시 강남구 개포로22길,3.22E+18,51:31.0,51:31.0,,20100106821,Y
2319,127,씨제이푸드빌(주) VIPS대학로점,3000000,종로구,101,일반음식점,10106,뷔페식,정문목,2,채식메뉴음식점,2013-12-23,N,Y,,37.58424955,127.0020288,02-3675-1997,146 지하1층 (혜화동),1.11103E+15,서울특별시 종로구 대학로,3E+18,27:52.0,27:52.0,샐러드바(성인 L:20600원 D:27900원 W:29900원) ,13456,Y
2318,123,VIPS,3000000,종로구,101,일반음식점,10103,경양식,정문목,2,채식메뉴음식점,2013-12-23,N,Y,,37.56895008,126.9880784,02-2272-3801,386 (관철동),1.11102E+15,서울특별시 종로구 삼일대로,3E+18,15:43.0,15:43.0,샐러드바(성인 L:20600원 D:27900원 W:29900원) ,11107,Y
2317,7762,개성에프앤비,3220000,강남구,101,일반음식점,10101,한식,김숙자,2,채식메뉴음식점,2013-12-23,N,Y,,37.52484597,127.0248427,02-542-7317,7 (신사동지상2층),1.16804E+15,서울특별시 강남구 압구정로20길,3.22E+18,12:08.0,12:08.0,비빔밥(8000원),6.80001E+12,Y
2316,368,비비고상암점,3130000,마포구,101,일반음식점,10101,한식,정문목,2,채식메뉴음식점,2013-12-23,N,Y,,37.57851271,126.8915873,02-6740-4300,66 (상암동 CJ E&amp;M센터 지하1층),1.14403E+15,서울특별시 마포구 상암산로,3.13E+18,46:33.0,46:33.0,"비비고라이스(8500~12000원) 	 비빔밥	 (8500~12000원) 	 비비고샐러드(8500~12000원)  ",11813,Y
2315,178,러빙헛,3190000,동작구,101,일반음식점,10101,한식,연아영,2,채식메뉴음식점,2013-12-23,N,Y,,37.48681465,126.9681098,7089828501,169 (사당동(1층 102호)),1.15903E+15,서울특별시 동작구 사당로,3.19E+18,45:26.0,45:26.0,"비건쌀국수(8000원)	 ?양살국수(8000원) 	 크림스파게티(8900원) 	 토마토라이스볼스프(7500원) 	 파인애플볶음밥(6900원)  ",8568,Y
2314,217,단아한정식,3190000,동작구,101,일반음식점,10101,한식,김두환,2,채식메뉴음식점,2013-12-23,N,Y,,37.4856569,126.9808146,02-532-3946,44 (사당동영지빌딩 2층),1.15904E+15,서울특별시 동작구 동작대로27가길,3.19E+18,44:19.0,44:19.0,"단아정식	(12000원)	 산정식	(18000원)	 무지개정식	(35000원)	 하늘정식	(50000원) ",8358,Y
2313,294,씨제이푸드빌(주) 피셔스마켓 창동점,3090000,도봉구,101,일반음식점,10106,뷔페식,정문목,2,채식메뉴음식점,2013-12-23,N,Y,,37.65629667,127.039705,02-903-6545,578 2층 (창동 미화빌딩),1.13203E+15,서울특별시 도봉구 도봉로,3.09E+18,43:22.0,43:22.0,샐러드바(성인 L:20570원 D:27280원 W:29480원) ,6822,Y
2312,390,태림산채정식,3090000,도봉구,101,일반음식점,10101,한식,하영순,2,채식메뉴음식점,2013-12-23,N,Y,,37.64998069,127.0342488,02-998-5468,32 (쌍문동),1.13204E+15,서울특별시 도봉구 노해로60길,3.09E+18,42:32.0,42:32.0,산채정식과 더덕구이(15000원),2.32E+13,Y
2311,160,콩사랑,3090000,도봉구,101,일반음식점,10101,한식,임진영,2,채식메뉴음식점,2013-12-23,N,Y,,37.68781919,127.0424564,02-3492-5182,10 (도봉동),1.13204E+15,서울특별시 도봉구 도봉산4길,3.09E+18,41:30.0,41:30.0,"초당순두부	 (6000원)	 이북식콩비지탕 (6000원) ",7748,Y
2310,189,보리보리옥선이시골밥상,3090000,도봉구,101,일반음식점,10101,한식,김옥선,2,채식메뉴음식점,2013-12-23,N,Y,,37.66262279,127.0208855,02-955-0202,283 12층 (방학동),1.13203E+15,서울특별시 도봉구 방학로,3.09E+18,40:37.0,40:37.0,보리밥정식(8000원),8022,Y
2309,5156,도토리마을,3090000,도봉구,101,일반음식점,10101,한식,최명수,2,채식메뉴음식점,2013-12-23,N,Y,,37.68722421,127.0433993,02-954-4755,19 (도봉동),1.13204E+15,서울특별시 도봉구 도봉산길,3.09E+18,40:02.0,40:02.0,도토리비빔밥(6500원) 도토리묵채밥(6500원) ,3772,Y
2308,2562,러빙헛,3120000,서대문구,101,일반음식점,10107,정종/대포집(선술집),김정남,2,채식메뉴음식점,2013-12-23,N,Y,,37.55872723,126.9367107,02-322-6441,35,1.14103E+15,서울특별시 서대문구 연세로,3.12E+18,39:14.0,39:14.0,"콩불구이뚝배기(6000원) 비건채식콩까스(6000원) 짬뽕 소/대(5500/6500원)	 볶음우동 소/대(5500/6500원)	 짜장면 소/대(4500/5500원) ",4867,Y
2307,23,VIPS 신촌현대 U-Plex,3120000,서대문구,101,일반음식점,10103,경양식,정문목,2,채식메뉴음식점,2013-12-23,N,Y,,37.55673775,126.9365585,02-3145-1997,13 11층 (창천동 신촌현대백화점 U-Plex),1.14103E+15,서울특별시 서대문구 연세로,3.12E+18,36:35.0,36:35.0,샐러드바(성인 L:20600원 D:27900원 W:29900원) ,11989,Y
2306,644,씨제이푸드빌(주)빕스홍대YZ파크점,3130000,마포구,101,일반음식점,10103,경양식,정문목,2,채식메뉴음식점,2013-12-23,N,Y,,37.55723912,126.9249733,02-6740-4254,176 (동교동 YZ파크 6층),1.14403E+15,서울특별시 마포구 양화로,3.13E+18,35:21.0,35:21.0,샐러드바(성인 L:20600원 D:27900원 W:29900원) ,12875,Y
2305,144,씨제이푸드빌(주)빕스마포역점,3130000,마포구,101,일반음식점,10103,경양식,정문목,2,채식메뉴음식점,2013-12-23,N,Y,,37.53938146,126.944833,02-702-3997,25 (마포동 대농빌딩 2층),1.14402E+15,서울특별시 마포구 마포대로,3.13E+18,34:53.0,34:53.0,샐러드바(성인 L:20600원 D:27900원 W:29900원) ,9070,Y
2304,427,씨제이푸드빌(주)빕스 대방점,3190000,동작구,101,일반음식점,10103,경양식,정문목,2,채식메뉴음식점,2013-12-23,N,Y,,37.51223284,126.9257694,02-3280-1997,2 (대방동),1.15903E+15,서울특별시 동작구 노량진로,3.19E+18,33:52.0,33:52.0,샐러드바(성인 L:20600원 D:27900원 W:29900원) ,6124,Y
2303,59,씨제이푸드빌(주) 빕스 창동점,3090000,도봉구,101,일반음식점,10106,뷔페식,정문목,2,채식메뉴음식점,2013-12-23,N,Y,,37.65200883,127.0371507,02-904-1997,526 (창동),1.13203E+15,서울특별시 도봉구 도봉로,3.09E+18,33:11.0,33:11.0,샐러드바(성인 L:20600원 D:27900원 W:29900원) ,6312,Y
2302,7340,씨제이푸드빌(주)빕스 공릉점,3100000,노원구,101,일반음식점,10103,경양식,정문목,2,채식메뉴음식점,2013-12-23,N,Y,,37.6272621,127.0726229,02-974-9997,1090 (공릉동),1.13503E+15,서울특별시 노원구 동일로,3.1E+18,32:24.0,32:24.0,샐러드바(성인 L:20600원 D:27900원 W:29900원) ,3.50001E+12,Y
2301,461,씨제이푸드빌(주)빕스구로역점,3160000,구로구,101,일반음식점,10103,경양식,정문목,2,채식메뉴음식점,2013-12-23,N,Y,,37.50382118,126.8816977,02-2105-5727,584 201~207214215216호 (신도림동 신도림펠러티움),1.15303E+15,서울특별시 구로구 경인로,3.16E+18,31:15.0,31:15.0,샐러드바(성인 L:20600원 D:27900원 W:29900원) ,2006-00461,Y
2300,488,씨제이푸드빌(주)빕스구로디지털단지역점,3160000,구로구,101,일반음식점,10103,경양식,정문목,2,채식메뉴음식점,2013-12-23,N,Y,,37.48428564,126.8992809,02-2105-5727,55 2층 216호 (구로동 코오롱싸이언스밸리),1.15304E+15,서울특별시 구로구 디지털로34길,3.16E+18,30:23.0,30:23.0,샐러드바(성인 L:20600원 D:27900원 W:29900원) ,2005-00488,Y
2299,10602,오세계향,3000000,종로구,101,일반음식점,10105,분식,이승섭,2,채식메뉴음식점,2013-12-10,N,Y,,37.57468009,126.9852656,02-735-7171,14-5 (관훈동(지상1층)),1.11104E+15,서울특별시 종로구 인사동12길,3E+18,29:21.0,29:21.0,곤드레강된장비빔밥(9000원) 된장들깨시래기찜(8000원) 매실탕수채(15000원) 유린기(15000원) 표고버섯말이(15000원),7091,Y
2298,424,빕스(VIPS) 어린이대공원점,3040000,광진구,101,일반음식점,10103,경양식,정문목,2,채식메뉴음식점,2013-12-23,N,Y,,37.55165218,127.0762071,02-462-0997,239 2층 (군자동),1.12153E+15,서울특별시 광진구 능동로,3.04E+18,28:36.0,28:36.0,샐러드바(성인 L:20600원 D:27900원 W:29900원) ,8360,Y
2297,368,큰손.김밥.보리밥,3040000,광진구,101,일반음식점,10115,김밥(도시락),손영자,2,채식메뉴음식점,2013-12-23,N,Y,,37.53947636,127.0837711,02-456-2259,8 (구의동),1.12154E+15,서울특별시 광진구 자양로22길,3.04E+18,27:48.0,27:48.0,보리밥(5000원) 콩국수(6000원),8745,Y
2296,321,웰빙멸치국수,3040000,광진구,101,일반음식점,10101,한식,염규숙,2,채식메뉴음식점,2013-12-23,N,Y,,37.53826255,127.0774019,02-456-1516,309 (자양동(1층)),1.12153E+15,서울특별시 광진구 아차산로,3.04E+18,27:01.0,27:01.0,"콩국수	(6000원)	 동치미국수	(4000원)	 열무국수	(4000원)	 비빔국수	(4000원) ",11025,Y
2295,140,씨제이푸드빌(주) 비비고 쌍림점,3010000,중구,101,일반음식점,10101,한식,정문목,2,채식메뉴음식점,2013-12-10,N,Y,,37.56397353,127.0032552,02-6740-7979,330 (쌍림동CJ제일제당빌딩 지하1층),1.11403E+15,서울특별시 중구 동호로,3.01E+18,26:22.0,26:22.0,비비고라이스(8500~12000원) 비빔밥(8500~12000원) 비비고샐러드(8500~12000원),13025,Y
2294,128,소담골두부마을,3040000,광진구,101,일반음식점,10101,한식,황옥순,2,채식메뉴음식점,2013-12-23,N,Y,,37.5396526,127.0842647,02-456-1473,15 (구의동1층),1.12154E+15,서울특별시 광진구 자양로22길,3.04E+18,25:13.0,25:13.0,"곤드레비빔밥(6000원)	 청국장(6000원) 된장찌개(5000원)	 김치순두부찌게(5000원) ",10432,Y
2293,387,씨제이푸드빌(주) 비비고 광화문점,3000000,종로구,101,일반음식점,10103,경양식,정문목,2,채식메뉴음식점,2013-12-10,N,Y,,37.56970125,126.9749069,02-730-7423,92 (신문로1가광화문오피시아빌딩103호202호),1.11103E+15,서울특별시 종로구 새문안로,3E+18,24:28.0,24:28.0,비비고라이스(8500~12000원) 비빔밥(8500~12000원) 비비고샐러드(8500~12000원) ,10547,Y
2292,310,세븐스프링스(광나루점),3040000,광진구,101,일반음식점,10103,경양식,김준영,2,채식메뉴음식점,2013-12-23,N,Y,,37.54422201,127.1030311,02-2049-7800,563 지하2층 (광장동),1.12153E+15,서울특별시 광진구 아차산로,3.04E+18,23:59.0,23:59.0,"샐러드바(평일점심)(21700원) 샐러드바(평일저녁)(28300원)	 주말 공휴일	(29400원) ",9087,Y
2291,292,씨제이푸드빌(주)씨푸드오션 녹번점,3110000,은평구,101,일반음식점,10104,일식,정문목,2,채식메뉴음식점,2013-12-06,N,Y,,37.6020129,126.927533,02-352-2008,4 지상123층 (녹번동),1.13803E+15,서울특별시 은평구 서오릉로,3.11E+18,21:50.0,21:50.0,샐러드바(성인 L:21890원 D:27390원 W:29590원),7062,Y
2290,97,씨제이푸드빌(주)씨푸드오션대림점,3180000,영등포구,101,일반음식점,10104,일식,정문목,2,채식메뉴음식점,2013-12-28,N,Y,,37.48929365,126.9061038,02-6244-7315,70 (대림동외2필지 23층),1.15603E+15,서울특별시 영등포구 대림로,3.18E+18,18:00.0,18:00.0,샐러드바(성인 L:21890원 D:27390원 W:29590원) ,10811,Y
2289,4026,러빙헛,3040000,광진구,101,일반음식점,10106,뷔페식,이승섭,2,채식메뉴음식점,2013-12-23,N,Y,,37.55235597,127.090114,02-453-2112,659 (구의동),1.12152E+15,서울특별시 광진구 천호대로,3.04E+18,17:09.0,17:09.0,"현미떡볶이(5000원)	 들깨칼국수(6000원) 불구이 뚝배기(6000원) 들깨수제비(6000원) 매운순두부찌게(6000원) 유기농현미비빕밥(6000원) 된장들깨시래기찜(6000원) 우엉들깨탕(6000원)	 곤드레강된장비빔밥(7000원)	 너비아니쌈밥(콩고기)(9000원) ",1258,Y
2288,13,씨제이푸드빌(주)빕스 상봉역점,3060000,중랑구,101,일반음식점,10103,경양식,정문목,2,채식메뉴음식점,2013-12-12,N,Y,,37.59573947,127.0818458,02-491-1997,263 (상봉동외 2필지),1.12603E+15,서울특별시 중랑구 망우로,3.06E+18,15:54.0,15:54.0,샐러드바(성인 L:20600원 D:27900원 W:29900원),10504,Y
2287,194,씨제이푸드빌(주) 빕스버거 씨제이푸드월드점,3010000,중구,101,일반음식점,10199,기타(일반음식점),정문목,2,채식메뉴음식점,2013-12-19,N,Y,,37.56397353,127.0032552,02-1577-0700,330 지하1층 (쌍림동 CJ제일제당빌딩),1.11403E+15,서울특별시 중구 동호로,3.01E+18,14:51.0,14:51.0,샐러드바(성인 L:20600원 D:27900원 W:29900원),13473,Y
2286,358,씨제이푸드빌(주)빕스 사당역점,3200000,관악구,101,일반음식점,10103,경양식,정문목,2,채식메뉴음식점,2013-12-23,N,Y,,37.47437636,126.9814325,02-3472-1997,939 (남현동르메이에르 3층),1.16202E+15,서울특별시 관악구 과천대로,3.2E+18,14:06.0,14:06.0,샐러드바(성인 L:20600원 D:27900원 W:29900원),11114,Y
2285,301,빕스 봉천역점,3200000,관악구,101,일반음식점,10103,경양식,정문목,2,채식메뉴음식점,2013-12-23,N,Y,,37.48266635,126.9401171,02-882-0254,1712 지상1234층 (봉천동),1.16202E+15,서울특별시 관악구 남부순환로,3.2E+18,13:32.0,13:32.0,샐러드바(성인 L:20600원 D:27900원 W:29900원),10445,Y
2284,75,씨제이푸드빌(주)비비고 서울대점,3200000,관악구,101,일반음식점,10101,한식,정문목,2,채식메뉴음식점,2013-12-23,N,Y,,37.46803851,126.959296,02-6740-4300,1 (신림동서울대학교 교육연구동(2단지) 지상1층(500동)),1.16203E+15,서울특별시 관악구 관악로,3.2E+18,12:44.0,12:44.0,"비비고라이스(8500~12000원) 	 비빔밥(8500~12000원) 	 비비고샐러드(8500~12000원) 	 ",11866,Y
2283,297,빕스명동중앙점,3010000,중구,101,일반음식점,10106,뷔페식,정문목,2,채식메뉴음식점,2013-12-17,N,Y,,37.56409158,126.9851771,02-779-7871,53 3층 (명동1가),1.11404E+15,서울특별시 중구 명동길,3.01E+18,12:43.0,12:43.0,샐러드바(성인 L:20600원 D:27900원 W:29900원),13575,Y
2282,490,씨제이푸드빌(주)빕스명동점,3010000,중구,101,일반음식점,10103,경양식,정문목,2,채식메뉴음식점,2013-12-20,N,Y,,37.56246244,126.984109,02-778-1997,25 (명동2가외2필지(지상2층)),1.11404E+15,서울특별시 중구 명동4길,3.01E+18,11:45.0,11:45.0,샐러드바(성인 L:20600원 D:27900원 W:29900원),10839,Y
2281,33,빕스 동묘점,3000000,종로구,101,일반음식점,10103,경양식,정문목,2,채식메뉴음식점,2013-12-11,N,Y,,37.57405644,127.0160022,02-747-1997,347 지하1지상1층 (숭인동),1.11103E+15,서울특별시 종로구 종로,3E+18,09:53.0,09:53.0,샐러드바(성인 L:20600원 D:27900원 W:29900원),10649,Y
2280,3594,씨제이푸드빌(주)빕스등촌점,3150000,강서구,101,일반음식점,10103,경양식,정문목,2,채식메뉴음식점,2013-12-23,N,Y,,37.55854142,126.8421846,02-3661-1997,311 23층 (등촌동 3동),1.15002E+15,서울특별시 강서구 공항대로,3.15E+18,09:38.0,09:38.0,샐러드바(성인 L:20600원 D:27900원 W:29900원) ,2228,Y
2279,11191,씨제이푸드빌(주)빕스올림픽점,3240000,강동구,101,일반음식점,10103,경양식,정문목,2,채식메뉴음식점,2013-12-23,N,Y,,37.52686072,127.1227326,02-477-3997,143-8 (성내동),1.17402E+15,서울특별시 강동구 강동대로,3.24E+18,08:49.0,08:49.0,샐러드바(성인 L:20600원 D:27900원 W:29900원) ,7823,Y
2278,47,씨제이푸드빌(주)빕스(고덕역점),3240000,강동구,101,일반음식점,10103,경양식,정문목,2,채식메뉴음식점,2013-12-23,N,Y,,37.55462158,127.1541042,02-428-2997,256 (명일동명성프라자 2층),1.17403E+15,서울특별시 강동구 고덕로,3.24E+18,06:59.0,06:59.0,샐러드바(성인 L:20600원 D:27900원 W:29900원) ,12488,Y
2277,305,씨제이푸드빌(주) 빕스 불광역점,3110000,은평구,101,일반음식점,10103,경양식,정문목,2,채식메뉴음식점,2013-12-19,N,Y,,37.61308823,126.9281339,02-358-8997,760 지상2층 (불광동),1.13803E+15,서울특별시 은평구 통일로,3.11E+18,06:54.0,06:54.0,샐러드바(성인 L:20600원 D:27900원 W:29900원),5845,Y
2276,161,씨제이푸드빌(주)빕스강동역점,3240000,강동구,101,일반음식점,10103,경양식,정문목,2,채식메뉴음식점,2013-12-23,N,Y,,37.53521137,127.1325716,02-472-2997,1092 (성내동SK허브진2층),1.17402E+15,서울특별시 강동구 천호대로,3.24E+18,05:59.0,05:59.0,샐러드바(성인 L:20600원 D:27900원 W:29900원) ,12601,Y
2275,113,우담소,3240000,강동구,101,일반음식점,10101,한식,이성용,2,채식메뉴음식점,2013-12-23,N,Y,,37.54134972,127.1252955,02-473-7878,6,1.17404E+15,서울특별시 강동구 구천면로21길,3.24E+18,05:25.0,05:25.0,새싹야채비빔밥(6000원),13528,Y
2274,152,씨제이푸드빌(주)빕스서여의도점,3180000,영등포구,101,일반음식점,10103,경양식,정문목,2,채식메뉴음식점,2013-12-16,N,Y,,37.53093101,126.9210852,02-786-1997,800 (여의도동진미빌딩 지상1층 지하1층),1.15602E+15,서울특별시 영등포구 국회대로,3.18E+18,05:04.0,05:04.0,샐러드바(성인 L:20600원 D:27900원 W:29900원),9493,Y
2273,393,보릿골강동점,3240000,강동구,101,일반음식점,10101,한식,김광섭,2,채식메뉴음식점,2013-12-23,N,Y,,37.53719143,127.1522806,02-478-1518,708 (둔촌동23층),1.17403E+15,서울특별시 강동구 동남로,3.24E+18,04:14.0,04:14.0,보리밥정식(7000원),11587,Y
2272,16,씨제이푸드빌(주)빕스신정점,3140000,양천구,101,일반음식점,10103,경양식,정문목,2,채식메뉴음식점,2013-12-20,N,Y,,37.52210511,126.8593746,02-2607-1997,347 123층 (신정동),1.14703E+15,서울특별시 양천구 신월로,3.14E+18,03:15.0,03:15.0,샐러드바(성인 L:20600원 D:27900원 W:29900원),9358,Y
2271,444,씨제이푸드빌(주)빕스청담점,3220000,강남구,101,일반음식점,10103,경양식,정문목,2,채식메뉴음식점,2013-12-23,N,Y,,37.52019,127.055456,02-3442-2997,519 지상12층 (청담동),1.16803E+15,서울특별시 강남구 학동로,3.22E+18,03:14.0,03:14.0,샐러드바(성인 L:20600원 D:27900원 W:29900원),44853,Y
2270,5,씨제이푸드빌(주)빕스목동cbs점,3140000,양천구,101,일반음식점,10103,경양식,정문목,2,채식메뉴음식점,2013-12-19,N,Y,,37.52823146,126.8749934,02-2652-1997,159-1 지하1층지상12층 (목동 기독교방송국),1.14703E+15,서울특별시 양천구 목동서로,3.14E+18,02:02.0,02:02.0,샐러드바(성인 L:20600원 D:27900원 W:29900원),9824,Y
2269,1058,씨제이푸드빌(주)빕스도곡역점,3220000,강남구,101,일반음식점,10103,경양식,정문목,2,채식메뉴음식점,2013-12-23,N,Y,,37.49160529,127.058004,02-569-1997,2912,1.16802E+15,서울특별시 강남구 남부순환로,3.22E+18,01:54.0,01:54.0,샐러드바(성인 L:20600원 D:27900원 W:29900원) ,20407,Y
2268,705,씨제이푸드빌(주) 빕스 강남역점,3220000,강남구,101,일반음식점,10103,경양식,김일천,2,채식메뉴음식점,2013-12-23,N,Y,,37.49921361,127.0275348,02-558-7415, 408 신성빌딩 3층,1.16802E+15,서울특별시 강남구 강남대로,3.22E+18,01:12.0,01:12.0,샐러드바(성인 L:20600원 D:27900원 W:29900원)   ,23835,Y
2267,354,한우촌돼지마을,3220000,강남구,101,일반음식점,10101,한식,윤화용,2,채식메뉴음식점,2013-12-23,N,Y,,37.49803321,127.0346633,02-565-5505,43 (역삼동지하1층),1.16804E+15,서울특별시 강남구 논현로85길,3.22E+18,59:11.0,59:11.0,청된장비빔밥(5000원),23489,Y
2266,666,하우스 본 오스티엄,3220000,강남구,101,일반음식점,10101,한식,전하영,2,채식메뉴음식점,2013-12-23,N,Y,,37.52693864,127.030242,02-512-1636,11 지하2층 B201B202B203호 (신사동),1.16804E+15,서울특별시 강남구 압구정로32길,3.22E+18,58:04.0,58:04.0,한정식(38000원),25970,Y
2265,211,통영집,3220000,강남구,101,일반음식점,10101,한식,박영자,2,채식메뉴음식점,2013-12-23,N,Y,,37.5022315,127.0359862,02-508-3330,511,1.16803E+15,서울특별시 강남구 논현로,3.22E+18,55:38.0,55:38.0,비빔밥(6000원),40823,Y
2264,157,최가네버섯매운탕칼국수,3220000,강남구,101,일반음식점,10101,한식,최병임,2,채식메뉴음식점,2013-12-23,N,Y,,37.52545869,127.0382056,02-547-7676,36 (신사동지상23층),1.16804E+15,서울특별시 강남구 도산대로51길,3.22E+18,54:46.0,54:46.0,버섯매운탕칼국수(7000원),23295,Y
2263,230,씨제이푸드빌(주) 빕스 잠실점,3230000,송파구,101,일반음식점,10103,경양식,정문목,2,채식메뉴음식점,2013-12-10,N,Y,,37.51532452,127.099503,02-2202-1997,562 지하1층 (신천동 한빛프라자 ),1.17102E+15,서울특별시 송파구 송파대로,3.23E+18,54:29.0,54:29.0,샐러드바(성인 L:20600원 D:27900원 W:29900원),2012-00230,Y
2262,14165,채식부페 러빙헛,3220000,강남구,101,일반음식점,10101,한식,이동민,2,채식메뉴음식점,2013-12-23,N,Y,,37.47657806,127.0462166,02-576-9637,72 (개포동),1.16803E+15,서울특별시 강남구 논현로,3.22E+18,54:03.0,54:03.0,"콩불고기1인	(13000원) 채식도시락A(10000원)	 채식도시락B	(7000원) ",6.80001E+12,Y
2261,465,씨제이푸드빌(주)빕스문정역점,3230000,송파구,101,일반음식점,10103,경양식,정문목,2,채식메뉴음식점,2013-12-04,N,Y,,37.48517949,127.1234604,02-443-2997,31 (문정동),1.17104E+15,서울특별시 송파구 새말로5길,3.23E+18,53:25.0,53:25.0,샐러드바(성인 L:20600원 D:27900원 W:29900원),7.10001E+12,Y
2260,134,빕스 미아점,3070000,성북구,101,일반음식점,10103,경양식,정문목,2,채식메뉴음식점,2013-12-18,N,Y,,37.60985453,127.0336913,02-941-1997,32 (하월곡동),1.12903E+15,서울특별시 성북구 월계로,3.07E+18,52:03.0,52:03.0,샐러드바(성인 L:20600원 D:27900원 W:29900원),13022,Y
2259,332,씨제이푸드빌(주) 빕스 동소문점,3070000,성북구,101,일반음식점,10103,경양식,정문목,2,채식메뉴음식점,2013-12-20,N,Y,,37.59090201,127.0107294,02-929-4997,47 (동소문동4가 부라다리빙텔 202),1.12903E+15,서울특별시 성북구 동소문로,3.07E+18,50:51.0,50:51.0,샐러드바(성인 L:20600원 D:27900원 W:29900원),10281,Y
2258,329,주막벽송,3070000,성북구,101,일반음식점,10199,기타(일반음식점),정정권,2,채식메뉴음식점,2013-12-20,N,Y,,37.606429,127.049033,,164 (상월곡동),1.12903E+15,서울특별시 성북구 화랑로,3.07E+18,49:33.0,49:33.0,담북장(청국장)(5500원) 된장찌개(5500원),12635,Y
2257,192,장수국수,3070000,성북구,101,일반음식점,10105,분식,김화옥,2,채식메뉴음식점,2013-12-20,N,Y,,37.6072326,127.0642319,02-957-2595,51 (석관동),1.12904E+15,서울특별시 성북구 돌곶이로8길,3.07E+18,48:00.0,48:00.0,열무김치말이국수(5000원) 비빔국수(4000원),11344,Y
2256,257,비비고 고려대점,3070000,성북구,101,일반음식점,10101,한식,정문목,2,채식메뉴음식점,2013-12-19,N,Y,,37.58870342,127.0316981,02-926-7423,145 (안암동5가 고려대학교 제3법학관),1.12903E+15,서울특별시 성북구 안암로,3.07E+18,46:19.0,46:19.0,비비고라이스(8500~12000원) 비빔밥(8500~12000원) 비비고샐러드(8500~12000원),13594,Y
2255,270,베누스타뷔페,3070000,성북구,101,일반음식점,10106,뷔페식,강두연,2,채식메뉴음식점,2013-12-20,N,Y,,37.60915281,127.0297815,02-988-4584,1 2층 (길음동),1.12903E+15,서울특별시 성북구 도봉로,3.07E+18,44:56.0,44:56.0,평일세미뷔페(13800 (ECO테이블 신청시)),13607,Y
2254,109,씨제이푸드빌(주)빕스왕십리점,3030000,성동구,101,일반음식점,10106,뷔페식,정문목,2,채식메뉴음식점,2013-12-19,N,Y,,37.56144455,127.038387,02-2200-1397,17 지상2층 (행당동 왕십리민자역사),1.12003E+15,서울특별시 성동구 왕십리광장로,3.03E+18,43:14.0,43:14.0,샐러드바(성인 L:20600원 D:27900원 W:29900원),8347,Y
2253,93,삼성 에버랜드(주) 10 꼬르소꼬모서울,3220000,강남구,101,일반음식점,10103,경양식,김봉영,2,채식메뉴음식점,2013-12-23,N,Y,,37.5269313,127.0424057,02-3018-1010,416 (청담동지하1층),1.16803E+15,서울특별시 강남구 압구정로,3.22E+18,42:03.0,42:03.0,"비트샐러드(17000원) 	 엔다이브샐러드(25000원) 아티초코스파게티(25000원)  ",36487,Y
2252,419,씨제이푸드빌(주) 빕스 반포역점,3210000,서초구,101,일반음식점,10103,경양식,정문목,2,채식메뉴음식점,2013-12-19,N,Y,,37.5086155,127.0119074,02-595-5997,257 2층 (잠원동),1.16503E+15,서울특별시 서초구 신반포로,3.21E+18,41:41.0,41:41.0,샐러드바(성인 L:20600원 D:27900원 W:29900원),12622,Y
2251,21972,전주비빔밥,3220000,강남구,101,일반음식점,10101,한식,하광숙,2,채식메뉴음식점,2013-12-23,N,Y,,37.5096319,127.059443,02-551-0812,22 (삼성동지하1층C-3),1.16804E+15,서울특별시 강남구 테헤란로87길,3.22E+18,41:16.0,41:16.0,"새싹비빔밥(8000원) 	 전주비빔밥(6500원) ",6.80001E+12,Y
2250,1098,일치프리아니,3220000,강남구,101,일반음식점,10103,경양식,김웅,2,채식메뉴음식점,2013-12-23,N,Y,,37.5273646,127.0274365,02-512-3494,165 (압구정동현대백화점지상5층),1.16803E+15,서울특별시 강남구 압구정로,3.22E+18,40:36.0,40:36.0,계절샐러드(12000원),22875,Y
2249,503,월화당,3220000,강남구,101,일반음식점,10105,분식,김현주,2,채식메뉴음식점,2013-12-23,N,Y,,37.49583358,127.038471,02-568-8520,177 (역삼동지상1층),1.16803E+15,서울특별시 강남구 역삼로,3.22E+18,39:55.0,39:55.0,"송이청경채볶음(35000원) 	 송이볶음(35000원)  ",37894,Y
2248,165,(주)효소원 방배1호점,3210000,서초구,101,일반음식점,10106,뷔페식,김희철,2,채식메뉴음식점,2013-12-12,N,Y,,37.47652881,126.9878625,02-582-1820,24 (방배동 와이엠빌딩 ),1.16504E+15,서울특별시 서초구 효령로4길,3.21E+18,39:22.0,39:22.0,채식뷔페 (버섯우엉강정/두부스테이크/생청국장비빔밥/마 샐러드/호두잡채/삼색초밥/현미깁밥) (성인: 16000 / 소인: 8000),15229,Y
2247,5445,우미가,3220000,강남구,101,일반음식점,10101,한식,이주영,2,채식메뉴음식점,2013-12-23,N,Y,,37.51012706,127.0386819,02-540-8045,11 (논현동지상1층),1.16804E+15,서울특별시 강남구 언주로114길,3.22E+18,39:11.0,39:11.0,"콩국수(9000원) 	 감자전(8000원)  ",6.80001E+12,Y
2246,24274,에렉스에프앤비(주)용궁,3220000,강남구,101,일반음식점,10102,중국식,임기호,2,채식메뉴음식점,2013-12-23,N,Y,,37.5103591,127.0610225,02-551-4893,511 (삼성동호텔오크우드프리미어 지상3층),1.16802E+15,서울특별시 강남구 영동대로,3.22E+18,38:26.0,38:26.0,"신선한야채볶음(대)(40000원) 	 신선한야채볶음(소)(30000원) 	 야채스프(15000원) 	 샐러드1인(20000원)  ",19188,Y
2245,362,바비오네(BABIONE),3210000,서초구,101,일반음식점,10101,한식,이하웅,2,채식메뉴음식점,2013-12-20,N,Y,,37.50643547,127.0068357,02-534-1688,194 경부선1층동 10호 (반포동 서울고속버스터미널 부속상가동),1.16503E+15,서울특별시 서초구 신반포로,3.21E+18,37:56.0,37:56.0,곤드레나물밥과된장찌개(7000원) 도토리연두부버섯탕(6000원) 산나물들깨칼국수(6000원) 산나물정식과 된장찌개(8000원) 산나물라이스볼(6000원),16970,Y
2244,699,옛날농장,3220000,강남구,101,일반음식점,10101,한식,윤정화,2,채식메뉴음식점,2013-12-23,N,Y,,37.49494204,127.0307357,02-567-9550,16 (역삼동지상1층),1.16804E+15,서울특별시 강남구 강남대로78길,3.22E+18,36:32.0,36:32.0,열무비빔밥(7000원) 도토리묵사발(5000원),26003,Y
2243,15371,예향,3220000,강남구,101,일반음식점,10101,한식,김명선,2,채식메뉴음식점,2013-12-23,N,Y,,37.50555228,127.0591819,02-565-5929,25 (대치동),1.16804E+15,서울특별시 강남구 테헤란로84길,3.22E+18,35:48.0,35:48.0,"두부들깨볶음김치(40000원) 	 모듬야채전(60000원)	 버섯청국장(10000원)	 런치비빔밥(7000원) ",6.80001E+12,Y
2242,728,연타발,3220000,강남구,101,일반음식점,10103,경양식,이명호,2,채식메뉴음식점,2013-12-23,N,Y,,37.52144563,127.0321538,02-545-4248,231 (신사동지상23층),1.16802E+15,서울특별시 강남구 도산대로,3.22E+18,34:16.0,34:16.0,"비빔밥(7000원)	 청국장(7000원)	 열무국수(6000원)  ",25098,Y
2241,341,명가추어탕.보리밥,3070000,성북구,101,일반음식점,10119,탕류,하광용,2,채식메뉴음식점,2013-12-10,N,Y,,37.60340937,127.0379238,02-916-4443,6-9 (하월곡동),1.12903E+15,서울특별시 성북구 오패산로,3.07E+18,33:59.0,33:59.0,보리밥(5000원),8988,Y
2240,757,중화요리 연경,3220000,강남구,101,일반음식점,10102,중국식,이택래,2,채식메뉴음식점,2013-12-23,N,Y,,37.52646908,127.0448536,02-549-7843,438,1.16803E+15,서울특별시 강남구 압구정로,3.22E+18,33:07.0,33:07.0,모듬야채(24500원) 표고버섯죽순(30800원),4699181,Y
2239,9,밥이랑 술이랑,3070000,성북구,101,일반음식점,10101,한식,김숙자,2,채식메뉴음식점,2013-12-26,N,Y,,37.61471479,127.048318,02-919-6142,99-1 1층 (장위동),1.12903E+15,서울특별시 성북구 장월로,3.07E+18,32:28.0,32:28.0,된장찌개(6000원),8047,Y
2238,95,비비고여의도점,3180000,영등포구,101,일반음식점,10101,한식,정문목,2,채식메뉴음식점,2013-12-26,N,Y,,37.53093101,126.9210852,02-785-7431,800 1층 113호 (여의도동 진미파라곤),1.15602E+15,서울특별시 영등포구 국회대로,3.18E+18,31:14.0,31:14.0,비비고라이스(8500~12000원) 비빔밥(8500~12000원) 비비고샐러드(8500~12000원),12999,Y
2237,220,역삼민들레,3220000,강남구,101,일반음식점,10101,한식,오성숙,2,채식메뉴음식점,2013-12-23,N,Y,,37.49874614,127.0368621,02-558-8513,5-6 (역삼동지상12층),1.16804E+15,서울특별시 강남구 논현로85길,3.22E+18,31:12.0,31:12.0,도토리묵무침(12000원),20779,Y
2236,473,아리산,3220000,강남구,101,일반음식점,10102,중국식,필가신,2,채식메뉴음식점,2013-12-23,N,Y,,37.49900936,127.0364596,,11 (역삼동지상1층),1.16804E+15,서울특별시 강남구 논현로85길,3.22E+18,30:25.0,30:25.0,"모듬야채볶음(38000원) 표고/은행/죽순볶음(33000원) 	 자연송이볶음(65000원) 	 청경채두부(28000원)  ",22275,Y
2235,24272,에렉스에프앤비(주)아까마츠,3220000,강남구,101,일반음식점,10104,일식,임기호,2,채식메뉴음식점,2013-12-23,N,Y,,37.5103591,127.0610225,02-551-4893,511 (삼성동호텔오크우드프리미어지상3층),1.16802E+15,서울특별시 강남구 영동대로,3.22E+18,29:30.0,29:30.0,야채튀김(75500원) 야채중(22000원) 야채조림(22000원),19189,Y
2234,197,한겨레식당,3140000,양천구,101,일반음식점,10101,한식,김정례,2,채식메뉴음식점,2013-12-18,N,Y,,37.51631244,126.8362061,02-2606-2451,111 (신월동지하 1층),1.14703E+15,서울특별시 양천구 신월로,3.14E+18,29:08.0,29:08.0,청국장(8000원),462,Y
2233,353,옥천집,3140000,양천구,101,일반음식점,10101,한식,이윤자,2,채식메뉴음식점,2013-12-24,N,Y,,37.5255227,126.8632915,02-2695-4554,4 (신정동 1층),1.14704E+15,서울특별시 양천구 목동로21길,3.14E+18,27:53.0,27:53.0,청국장(6000원) ,12223,Y
2232,1038,씨작,3220000,강남구,101,일반음식점,10106,뷔페식,손화수,2,채식메뉴음식점,2013-12-23,N,Y,,37.51765717,127.03441,02-545-2222,711 (논현동지하1층),1.16803E+15,서울특별시 강남구 언주로,3.22E+18,26:53.0,26:53.0,샐러드 외(49500원),26339,Y
2231,7739,산채,3140000,양천구,101,일반음식점,10101,한식,양경비,2,채식메뉴음식점,2013-12-26,N,Y,,37.52330888,126.8754587,02-2651-2869,98 1층 (목동),1.14703E+15,서울특별시 양천구 신목로,3.14E+18,26:42.0,26:42.0,나물정식(13000원) 더덕정식(17000원),5897,Y
2230,22056,성지쌈밥,3220000,강남구,101,일반음식점,10104,일식,신현옥,2,채식메뉴음식점,2013-12-23,N,Y,,37.49011152,127.0846839,02-451-5430,38 (일원동),1.16804E+15,서울특별시 강남구 일원로9길,3.22E+18,26:16.0,26:16.0,쌈밥(8000원),6.80001E+12,Y
2229,649,샐러디언,3220000,강남구,101,일반음식점,10103,경양식,정충희,2,채식메뉴음식점,2013-12-23,N,Y,,37.51211323,127.0558074,,20 지상1층 (삼성동),1.16804E+15,서울특별시 강남구 삼성로108길,3.22E+18,25:40.0,25:40.0,"두부샐러드(11000원)	 하우스샐러드(10500원)	 버섯김치샐러드(11000원) 구운고구마와호박(4000원) 	 허브그릴채소(5500원)  ",45053,Y
2228,111,청보리꼴,3070000,성북구,101,일반음식점,10101,한식,이미숙,2,채식메뉴음식점,2013-12-24,N,Y,,37.59240351,127.0358484,,1062 (종암동(지상2층)),1.12903E+15,서울특별시 성북구 북악산로,3.07E+18,25:12.0,25:12.0,보리밥(6000원) 된장찌개(5000원),10060,Y
2227,255,정원쌈밥,3070000,성북구,101,일반음식점,10101,한식,강범준,2,채식메뉴음식점,2013-12-20,N,Y,,37.60803207,127.0038868,02-3292-0105,169 (정릉동),1.12903E+15,서울특별시 성북구 정릉로,3.07E+18,23:51.0,23:51.0,공기쌈밥(10000원) 돌쌈밥(11000원),8902,Y
2226,210,정릉순두부집,3070000,성북구,101,일반음식점,10101,한식,권창호,2,채식메뉴음식점,2013-12-09,N,Y,,37.60833476,127.0049922,02-913-3392,10-7 (정릉동(1층)),1.12903E+15,서울특별시 성북구 솔샘로,3.07E+18,22:17.0,22:17.0,순두부(7000원) 들깨순두부(7000원) 초당순두부(6000원),11738,Y
2225,33,정릉곤드레,3070000,성북구,101,일반음식점,10101,한식,권선영,2,채식메뉴음식점,2013-12-20,N,Y,,37.61259811,127.0075295,,95 지하1층 (정릉동),1.12903E+15,서울특별시 성북구 보국문로,3.07E+18,20:58.0,20:58.0,곤드레비빔밥(5000원),13687,Y
2224,366,원조멸치국수,3070000,성북구,101,일반음식점,10105,분식,양광환,2,채식메뉴음식점,2013-12-25,N,Y,,37.60240602,127.0421949,02-6085-6035,88-1 (하월곡동),1.12903E+15,서울특별시 성북구 화랑로,3.07E+18,19:54.0,19:54.0,비빔국수(4500원),11147,Y
2223,21975,삼정,3220000,강남구,101,일반음식점,10101,한식,김현주,2,채식메뉴음식점,2013-12-23,N,Y,,37.5096319,127.059443,02-551-5949,22 (삼성동지하1층C-2),1.16804E+15,서울특별시 강남구 테헤란로87길,3.22E+18,18:43.0,18:43.0,야채된장(6000원) 보리밥(6000원),6.80001E+12,Y
2222,374,신토불이보리밥집,3070000,성북구,101,일반음식점,10101,한식,정현순,2,채식메뉴음식점,2013-12-25,N,Y,,37.61342309,127.0518102,02-919-1957,7 (장위동),1.12904E+15,서울특별시 성북구 장위로40길,3.07E+18,18:38.0,18:38.0,보리밥(6500원) ,10760,Y
2221,1228,사월에보리밥압구정지점,3220000,강남구,101,일반음식점,10101,한식,오진권,2,채식메뉴음식점,2013-12-23,N,Y,,37.52608483,127.0288841,02-540-5292,868 (신사동지하1층),1.16803E+15,서울특별시 강남구 논현로,3.22E+18,17:55.0,17:55.0,"곤드레비빔밥(8500원)  감자전(7000원)	 도토리묵(8000원)	 열무김치(6000원) ",21773,Y
2220,9155,시골밥상,3070000,성북구,101,일반음식점,10101,한식,이삼순,2,채식메뉴음식점,2013-12-10,N,Y,,37.60709287,127.062687,02-957-9384,25 (석관동),1.12904E+15,서울특별시 성북구 돌곶이로8길,3.07E+18,17:26.0,17:26.0,영양돌솥밥(7000원) 보리밥정식(6000원),6160,Y
2219,16388,사랑방,3220000,강남구,101,일반음식점,10101,한식,김미선,2,채식메뉴음식점,2013-12-23,N,Y,,37.50239708,127.0366694,02-562-6655,3 (역삼동),1.16804E+15,서울특별시 강남구 논현로94길,3.22E+18,16:54.0,16:54.0,"사랑방웰빙정식(7000원) 파전(12000원) 부추전(12000원)	 감자전(12000원)	 모듬전(15000원)  ",6.80001E+12,Y
2218,4195,상해 손칼국수,3070000,성북구,101,일반음식점,10101,한식,박만후,2,채식메뉴음식점,2013-12-26,N,Y,,37.6045285,127.0428801,02-917-7813,112 (하월곡동),1.12904E+15,서울특별시 성북구 장월로1길,3.07E+18,15:54.0,15:54.0,콩국수(6000원),4761,Y
2217,847,비오비,3220000,강남구,101,일반음식점,10103,경양식,허영남,2,채식메뉴음식점,2013-12-23,N,Y,,37.51239837,127.0214725,02-3448-1080,15 (논현동1층),1.16804E+15,서울특별시 강남구 학동로1길,3.22E+18,15:28.0,15:28.0,"도토리묵채밥(6000원) 	 열무비빔밤(6000원) ",26151,Y
2216,224,산전수전,3070000,성북구,101,일반음식점,10101,한식,현영록,2,채식메뉴음식점,2013-12-20,N,Y,,37.61704561,127.002211,,171 (정릉동),1.12903E+15,서울특별시 성북구 보국문로,3.07E+18,14:24.0,14:24.0,호박부추전(11000원) 도토리무침(11000원),8252,Y
2215,881,비비고 청담CGV점,3220000,강남구,101,일반음식점,10101,한식,정문목,2,채식메뉴음식점,2013-12-23,N,Y,,37.52304799,127.0369917,02-6740-4254,3 (신사동지상2층),1.16804E+15,서울특별시 강남구 도산대로49길,3.22E+18,14:22.0,14:22.0,"비비고라이스(8500~12000원) 	 비빔밥	 (8500~12000원) 	 비비고샐러드(8500~12000원) ",44156,Y
2214,461,씨제이푸드빌(주)비비고 강남역점,3220000,강남구,101,일반음식점,10101,한식,정문목,2,채식메뉴음식점,2013-12-23,N,Y,,37.50029121,127.0275306,02-564-7423,30 지상2층 (역삼동),1.16804E+15,서울특별시 강남구 테헤란로1길,3.22E+18,13:21.0,13:21.0,"비비고라이스(8500~12000원) 	 비빔밥	 (8500~12000원)	 비비고샐러드(8500~12000원) ",44870,Y
2213,160,비비고 삼성타운점,3210000,서초구,101,일반음식점,10101,한식,정문목,2,채식메뉴음식점,2013-12-19,N,Y,,37.49722449,127.0261996,02-588-7423,3 지하1층 (서초동 윤빌딩),1.16504E+15,서울특별시 서초구 서초대로74길,3.21E+18,13:03.0,13:03.0,비비고라이스(8500~12000원) 비빔밥(8500~12000원) 비비고샐러드(8500~12000원) ,15903,Y
2212,16079,엄마손반찬,3210000,서초구,104,휴게음식점,,,연정옥,2,채식메뉴음식점,2013-12-17,N,Y,,37.5021789,126.9900614,02-596-3433,49 반포상가 M동 1호,1.16503E+15,서울특별시 서초구 신반포로,3.21E+18,10:48.0,10:48.0,야채김밥(2000원) 야채만두(5000원) 야채쌈(6000원) 야채된장국(5000원) 야채류 반찬(3000~5000원),1800,Y
2211,1013,씨제이푸드빌(주) 비비고 가로수길점,3220000,강남구,101,일반음식점,10101,한식,정문목,2,채식메뉴음식점,2013-12-23,N,Y,,37.51820773,127.0231483,02-6740-4254,5 지상2층 (신사동),1.16804E+15,서울특별시 강남구 도산대로13길,3.22E+18,10:47.0,10:47.0,"비비고라이스(8500~12000원) 	 비빔밥	 (8500~12000원) 	 비비고샐러드(8500~12000원) ",44271,Y
2210,16376,뱀부하우스,3220000,강남구,101,일반음식점,10101,한식,정양선,2,채식메뉴음식점,2013-12-23,N,Y,,37.50704988,127.0366354,02-566-0871,33 (역삼동.9.10),1.16804E+15,서울특별시 강남구 언주로107길,3.22E+18,09:50.0,09:50.0,야채샐러드(9600원) 비빔밥(18000원) 두부스테이크(24000원) ,6.80001E+12,Y
2209,56,강촌,3070000,성북구,104,휴게음식점,,,김황용,2,채식메뉴음식점,2013-12-09,N,Y,,37.59450254,126.9912449,02-766-2557,167 (성북동),1.12903E+15,서울특별시 성북구 성북로,3.07E+18,07:22.0,07:22.0,쌈밥정식(11000원),1392,Y
2208,689,뭉퉁이,3220000,강남구,101,일반음식점,10103,경양식,양재근,2,채식메뉴음식점,2013-12-23,N,Y,,37.52598018,127.0414368,02-548-4922,13-8 (청담동지상23층),1.16804E+15,서울특별시 강남구 선릉로158길,3.22E+18,07:02.0,07:02.0,순두부야채밥(6000원),25993,Y
2207,281,로즈힐 강남파이낸스센터점,3220000,강남구,101,일반음식점,10101,한식,최병길,2,채식메뉴음식점,2013-12-23,N,Y,,37.49999322,127.0365822,02-508-2090,152 (역삼동강남파이낸스센터 지하1층),1.16803E+15,서울특별시 강남구 테헤란로,3.22E+18,06:28.0,06:28.0,모듬전(30000원) 스테이크와구운야채(25000원) 오늘의샐러드(20000원),25588,Y
2206,119,곽가네보리밥,3070000,성북구,101,일반음식점,10101,한식,곽명자,2,채식메뉴음식점,2013-12-07,N,Y,,37.60079452,127.0324733,02-943-3636,8 (종암동),1.12904E+15,서울특별시 성북구 종암로25길,3.07E+18,05:54.0,05:54.0,보리밥(5000원) 열묵국수(3500원),13775,Y
2205,695,(주)러빙헛,3220000,강남구,101,일반음식점,10103,경양식,오종철,2,채식메뉴음식점,2013-12-23,N,Y,,37.47689752,127.0494366,02-576-2158,35 (개포동지상1층),1.16804E+15,서울특별시 강남구 개포로22길,3.22E+18,05:26.0,05:26.0,노블볶음밥(7000원) 카레라이스(7000원) 콩불구이덮밥(7000원) 버섯덮밥(7000원) 볶음우동(8000원),41340,Y
2204,5020,국수나무,3070000,성북구,101,일반음식점,10105,분식,김해순,2,채식메뉴음식점,2013-12-05,N,Y,,37.60375397,127.0420054,02-913-5271,31 (하월곡동),1.12904E+15,서울특별시 성북구 화랑로11길,3.07E+18,04:28.0,04:28.0,샐러드국수(6000원),2151,Y
2203,247,더골드캐슬카페라마노,3220000,강남구,101,일반음식점,10103,경양식,마요한,2,채식메뉴음식점,2013-12-23,N,Y,,37.5138636,127.0289789,02-546-0871,165 지상211호 (논현동),1.16803E+15,서울특별시 강남구 학동로,3.22E+18,03:50.0,03:50.0,손두부샐러드(6500원),44662,Y
2202,144,씨제이푸드빌(주)다담청담점,3220000,강남구,101,일반음식점,10101,한식,정문목,2,채식메뉴음식점,2013-12-23,N,Y,,37.52433553,127.044789,02-518-6161,445 지하1층 (청담동),1.16802E+15,서울특별시 강남구 도산대로,3.22E+18,03:06.0,03:06.0,산메밥상(점심 45000원 저녁 60000원),44559,Y
2201,4853,보리촌,3070000,성북구,101,일반음식점,10101,한식,백재선,2,채식메뉴음식점,2013-12-12,N,Y,,37.588455,127.0097055,02-742-6582,35-5 (삼선동2가(지하1층)),1.12903E+15,서울특별시 성북구 삼선교로,3.07E+18,01:07.0,01:07.0,보리밥(6000원),1673,Y
2200,23975,늘보리,3220000,강남구,101,일반음식점,10101,한식,김소정,2,채식메뉴음식점,2013-12-23,N,Y,,37.49988008,127.0409158,02-567-5454,27 (역삼동지상12층),1.16804E+15,서울특별시 강남구 테헤란로34길,3.22E+18,00:08.0,00:08.0,"보리밥(7500원) 	 돌솥비빔밥(7000원)  ",18906,Y
2199,77,산장두부촌,3070000,성북구,101,일반음식점,10101,한식,김지훈,2,채식메뉴음식점,2013-12-04,N,Y,,37.61786372,126.9985638,02-919-1599,205 (정릉동외2필지),1.12903E+15,서울특별시 성북구 보국문로,3.07E+18,59:20.0,59:20.0,비빔밥(7000원) 청국장(6500원),10858,Y
2198,12797,공리,3220000,강남구,101,일반음식점,10102,중국식,김순애,2,채식메뉴음식점,2013-12-23,N,Y,,37.50742442,127.0629429,02-0562-0110,6 (대치동),1.16804E+15,서울특별시 강남구 영동대로85길,3.22E+18,59:06.0,59:06.0,"모듬버섯밥(8000원) 	 수신금(25000원) 	 배추두부탕(15000원) 	 자연송이볶음(75000원)		 호유채심(35000원)  ",6.80001E+12,Y
2197,21403,강가,3220000,강남구,101,일반음식점,10103,경양식,박찬만,2,채식메뉴음식점,2013-12-23,N,Y,,37.52608483,127.0288841,02-3444-3610,868 (신사동지상2층),1.16803E+15,서울특별시 강남구 논현로,3.22E+18,54:59.0,54:59.0,알루고비(18500원) 베지터블바지(18500원) 랄타르카(18500)원,6.80001E+12,Y
2196,175,도모니,3210000,서초구,104,휴게음식점,10401,과자점,박초성,2,채식메뉴음식점,2013-12-07,N,Y,,37.48771515,126.983071,02-535-0536,15 1층 102호 (방배동),1.16504E+15,서울특별시 서초구 서초대로1길,3.21E+18,54:25.0,54:25.0,비빔냉라면(5000원),16051,Y
2195,371,가로비,3220000,강남구,101,일반음식점,10103,경양식,박혜수,2,채식메뉴음식점,2013-12-23,N,Y,,37.50243583,127.0265272,02-566-7545,35 (역삼동소현빌딩 2층),1.16804E+15,서울특별시 강남구 봉은사로2길,3.22E+18,53:59.0,53:59.0,채식도시락(15000원),41017,Y
2194,19831,(주)본뽀스또,3220000,강남구,101,일반음식점,10103,경양식,강윤숙,2,채식메뉴음식점,2013-12-23,N,Y,,37.5245599,127.0423003,02-544-4081,33 (청담동지하1층지상12층),1.16804E+15,서울특별시 강남구 선릉로152길,3.22E+18,47:19.0,47:19.0,그린샐러드(17600원) 야채버섯구이(25300원) 홍자몽샐러드 (23100원),6.80001E+12,Y
472,2099,팬다,3000000,종로구,101,일반음식점,10102,중국식,양지열,2,채식메뉴음식점,2013-12-10,N,Y,,0,0,02-733-9981,36 (내수동용비어천가 지층 B103호),1.11104E+15,서울특별시 종로구 새문안로3길,3E+18,46:26.0,46:26.0,,11217,Y
119,326,나무(namu),3000000,종로구,101,일반음식점,10199,기타(일반음식점),이승우,2,채식메뉴음식점,2013-12-13,N,Y,,37.58289077,127.0048184,,40 (동숭동지상1층),1.11104E+15,서울특별시 종로구 동숭3길,3E+18,26:02.0,26:02.0,test11,12046,Y
22,397,나무가 있는집,3000000,종로구,101,일반음식점,10101,한식,이승우,2,채식메뉴음식점,2013-12-11,N,Y,,37.57123952,126.9721354,02-722-3880,10-2 (신문로2가지하1층지상12층),1.11104E+15,서울특별시 종로구 경희궁길,3E+18,30:09.0,30:09.0,test111,10935,Y
9,328,꽃담,3220000,강남구,101,일반음식점,10101,한식,이승우,2,채식메뉴음식점,2013-12-06,N,Y,,37.50861222,127.0657579,            ,12 (대치동지상2층),1.16804E+15,서울특별시 강남구 테헤란로108길,3.22E+18,06:43.0,06:43.0,전주비빔밥(7000원),25631,Y
3,504,가시리2관,3220000,강남구,101,일반음식점,10101,한식,이승우,2,채식메뉴음식점,2013-12-06,N,Y,,37.52608483,127.0288841,,43 (역삼동지상1층 101호),1.16804E+15,서울특별시 강남구 언주로87길,3.22E+18,51:51.0,51:51.0,비빔밥(6000원),37895,Y
